"star_code"	"STAR_NAME"	"DISTANCE FROM THE SUN"	"STAR TEMPERATURE"	"RELATIVE MASS"	"star radius"	"RELATIVE LUMINOSITY"	"stellar class"
1172	"Idlewind"	446.486	4090	0.7	0.71	0.15	"K|5|V"
273	"Batajnica"	388.383	3988	0.5	0.72	0.37	"K|6|V"
392	"Brihuega"	528.107	3964	0.6	0.8	0.51	"K|5|V"
1246	"Jeppens"	600.4	4481	0.5	0.75	0.18	"K|2|V"
2653	"Valois"	612.48	2677	0.1	0.48	0.08	"M|5|V"
2937	"Bearclaw"	1729.998	3768	0.7	0.89	0.09	"K|5|V"
1718	"Mira"	115.735	4440	0.5	0.74	0.18	"K|3|V"
3097	"Dania"	965.732	3825	0.6	NA	0.32	"K|6|V"
1052	"Hansii"	368.483	3820	0.7	0.71	0.27	"K|3|V"
450	"Cambiano"	426.772	5612	0.9	1.09	0.99	"G|2|V"
489	"Caselton"	119.999	3728	0.6	0.89	0.45	"K|6|V"
2424	"Sturgis"	422.565	5689	NA	0.99	1.35	"G|2|V"
1035	"Hakkaido"	351.968	2637	0.1	0.5	0.04	"M|7|V"
1328	"Kent"	704.97	4589	0.6	0.79	0.36	"K|3|V"
2298	"Shaunavon"	360.987	2821	0.2	0.61	NA	"M|5|V"
2628	"Undra"	162.402	3248	0.1	0.57	0.08	"M|1|V"
481	"Carnac"	235.037	4235	0.6	0.86	NA	"K|3|V"
2514	"Tengil"	318.66	5359	0.8	1.08	1.34	"G|2|V"
1168	"Ichlangis"	413.894	2601	0.3	0.64	0.02	"M|3|V"
2905	"Hellespont"	563.994	2448	0.4	0.31	0.01	"M|5|V"
1575	"Maldonado"	384.806	2403	0.4	0.54	NA	"M|4|V"
250	"Ban Na San"	422.107	4047	0.7	0.74	0.59	"K|3|V"
2842	"Zlatousi"	480.441	2406	0.3	0.22	0.02	"M|7|V"
2991	"Falsterbo"	1143.813	2813	0.3	0.32	0.04	"M|4|V"
2757	"Willowick"	336.63	4143	0.6	0.88	0.55	"K|5|V"
2763	"Wing"	76.01	3947	0.7	0.75	0.19	"K|7|V"
3055	"Kazlam"	1632.489	2475	0.1	0.41	0.02	"M|1|V"
2648	"Valexa"	143.133	2679	0.1	0.65	0.02	"M|2|V"
1385	"Kogl"	396.438	2486	0.1	0.45	0.08	"M|4|V"
2192	"Ryans Fate"	426.217	3745	0.6	0.95	0.21	"K|6|V"
1012	"Grumium"	186.911	2693	0.4	0.33	0.04	"M|3|V"
327	"Biloela"	351.51	4001	0.7	0.78	0.21	"K|5|V"
2606	"Turtle Bay"	429.02	2642	0.3	0.2	0.07	"M|1|V"
1288	"Matahari"	257.944	3342	0.4	0.27	0.08	"M|2|V"
979	"Goodna"	241.879	2749	0.1	0.54	0.01	"M|6|V"
999	"Great Gorge"	560.312	2733	0.3	0.43	0.04	"M|1|V"
2830	"Zefri"	545.24	5439	1	1.05	0.69	"G|2|V"
750	"Dumaring"	237.057	2436	0.2	0.36	0.03	"M|5|V"
1222	"Itzehoe"	524.376	2571	0.4	NA	0.03	"M|4|V"
2560	"Tohelet"	394.307	5419	0.9	1.07	1.16	"G|5|V"
1501	"Ljugarn"	231.734	3715	0.7	0.96	0.3	"K|2|V"
2780	"Wroxeter"	176.61	3609	0.4	0.43	0.05	"M|0|V"
1795	"Namen"	275.865	2939	0.3	0.16	0.08	"M|3|V"
802	"Enchi"	411.702	3750	0.5	0.95	0.2	"K|4|V"
1339	"Keytesville"	376.33	2508	0.1	0.56	0.06	"M|5|V"
2442	"Susulatna"	357.089	3978	0.7	0.71	0.59	"K|7|V"
1196	"Ingenstrem"	389.119	2559	0.1	0.22	0.07	"M|1|V"
1818	"New Britain"	47.967	2499	0.3	0.46	0.03	"M|5|V"
1694	"Miaplacidus"	84.576	4208	0.8	0.89	0.1	"K|5|V"
1326	"Kenilworth"	584.375	4548	0.5	0.86	NA	"K|2|V"
695	"Deschenes"	310.081	2486	0.1	0.15	0.04	"M|3|V"
507	"Cerignola"	435.399	4322	0.8	0.71	0.19	"K|0|V"
427	"Cadela"	578.645	2680	0.4	0.23	0.04	"M|2|V"
3160	"Fairuza"	507.043	2938	0.4	0.21	0.04	"M|2|V"
2346	"Sirius"	8.267	2437	0.3	0.69	0.02	"M|8|V"
2821	"Zathras"	399.333	2920	0.1	0.38	0.06	"M|4|V"
1559	"Madiun"	402.121	3833	0.7	0.71	0.14	"K|2|V"
1711	"Minakuchi"	132.873	2719	0.2	0.67	0.08	"M|2|V"
2267	"Scudder"	218.398	2683	0.4	0.25	0.06	"M|2|V"
855	"Fatima"	178.492	4077	0.7	0.84	0.48	"K|5|V"
3062	"Tansalir"	1633.759	2421	0.2	0.25	0.02	"M|8|V"
1099	"Herndon"	401.596	2478	0.4	0.42	0.03	"M|8|V"
2697	"Virtue"	408.863	2770	NA	0.52	NA	"M|3|V"
2988	"Dorpat"	1147.906	2455	0.1	0.27	0.06	"M|3|V"
2135	"Remagen"	316.94	3972	0.8	0.79	0.34	"K|7|V"
2456	"Symsonia"	496.055	4018	0.5	0.94	0.23	"K|2|V"
357	"Bogerth"	265.277	2479	0.4	0.67	0.04	"M|7|V"
3023	"Gwithian"	830.561	5425	0.9	1.08	1.14	"G|4|V"
2727	"Waunakee"	317.772	3849	0.5	0.88	0.23	"K|5|V"
1942	"Onverwacht"	697.57	2808	0.1	0.24	0.02	"M|1|V"
279	"Bayindir"	383.041	4198	0.7	0.96	0.11	"K|6|V"
1667	"Melissia"	412.362	3048	0.4	0.56	0.04	"M|4|V"
1338	"Keystone"	163.642	3401	0.2	0.3	0.08	"M|1|V"
2613	"Udibi"	323.735	3136	0.4	0.7	0.05	"M|1|V"
1602	"Marathon"	317.006	2460	0.1	0.44	0.02	"M|0|V"
2216	"Salford"	527.031	4170	0.7	0.74	0.54	"K|6|V"
644	"Czarvowo"	323.377	2648	0.4	0.42	0.07	"M|7|V"
1613	"Markab"	100.317	4994	0.5	0.95	0.32	"K|0|V"
2969	"York"	1808.4	3039	0.4	0.52	0.01	"M|4|V"
2170	"Rollis"	411.883	4002	0.6	0.93	0.45	"K|6|V"
1095	"Herbania"	480.47	2470	0.4	0.37	0.07	"M|4|V"
2039	"Pleione"	94.829	2404	0.4	0.33	0.05	"M|3|V"
980	"Gorfynt"	541.875	3954	0.7	0.96	0.31	"K|7|V"
1258	"Jonathan"	137.034	3093	0.3	0.21	0.01	"M|3|V"
2441	"Susquehanna"	423.748	2772	0.2	0.13	0.06	"M|6|V"
361	"Bondurant"	169.039	3073	0.2	0.37	0.02	"M|2|V"
2710	"Waini Point"	750.862	4382	0.5	0.71	0.52	"K|2|V"
670	"Ddraig"	766.04	4354	0.7	0.75	0.33	"K|4|V"
2726	"Watermael"	356.312	4051	0.7	0.89	0.09	"K|5|V"
1354	"Kimball"	105.922	2877	0.4	0.33	0.03	"M|5|V"
1878	"Nis"	312.667	2918	0.2	0.45	0.05	"M|5|V"
608	"Cotocallao"	332.801	2887	0.3	0.36	0.06	"M|0|V"
1574	"Maldive"	389.842	3198	0.1	0.54	0.06	"M|2|V"
1629	"Mauckport"	430.337	3049	0.3	0.58	0.05	"M|3|V"
683	"Dell"	336.45	3311	0.4	0.55	0.06	"M|2|V"
163	"Arboris"	67.184	2876	0.3	0.5	0.06	"M|2|V"
2553	"Tiruchchirappalli"	463.505	2572	0.1	0.24	0.04	"M|7|V"
728	"Domain"	250.282	3765	0.7	0.89	0.43	"K|6|V"
1724	"Mitchel"	345.876	2822	0.3	0.29	0.01	"M|2|V"
917	"Galatea"	63.663	3823	0.5	0.81	0.19	"K|5|V"
1285	"Kamarod"	499.804	4521	0.7	0.84	0.46	"K|4|V"
2276	"Semichi"	368.655	4108	0.7	0.82	0.13	"K|5|V"
1706	"Millungera"	291.661	2688	0.2	0.27	0.04	"M|7|V"
3148	"Alamagordo"	376.987	2477	0.4	0.28	0.04	"M|8|V"
97	"Altair"	16.348	5317	1	1.07	0.73	"G|5|V"
441	"Calingasta"	695.305	2640	0.2	0.52	0.05	"M|5|V"
1699	"Midkiff"	227.922	2475	0.3	0.52	0.07	"M|6|V"
678	"Delacambre"	539.73	2707	0.1	0.24	0.03	"M|5|V"
2511	"Telos"	59.605	5592	1	1.11	1.07	"G|4|V"
1860	"New Westin"	244.992	3522	0.1	0.5	0.05	"M|1|V"
278	"Bayeux"	554.429	3082	0.1	0.56	0.02	"M|2|V"
458	"Campoleone"	418.415	3092	0.2	0.37	0.05	"M|3|V"
762	"Eagle Rest"	601.671	3220	0.4	0.47	0.06	"M|3|V"
824	"Esteros"	311.441	3553	0.2	0.28	0.05	"M|1|V"
2279	"Senftenberg"	208.994	4338	0.8	0.9	0.28	"K|5|V"
1633	"Maxie's Planet"	401.267	2890	0.4	0.25	0.07	"M|4|V"
167	"Arcturus"	191.109	3056	0.1	0.11	0.06	"M|4|V"
2243	"Sarna"	164.359	3704	0.5	0.94	0.5	"K|6|V"
1675	"Menkar"	129.257	3014	0.2	0.6	0.03	"M|3|V"
1350	"Kilbourne"	573.439	2802	0.2	0.65	0.02	"M|5|V"
1720	"Mirage"	475.355	2531	0.3	0.23	0.02	"M|8|V"
2042	"Pobeda"	309.392	4310	0.5	0.72	0.53	"K|2|V"
1992	"Pasemah"	544.038	4319	0.6	0.87	0.31	"K|3|V"
2146	"Revel"	463.268	4464	0.6	0.87	0.25	"K|2|V"
3013	"Idrmach"	607.78	5228	1	1.06	1.02	"G|5|V"
1705	"Millray"	611.371	2541	0.3	0.42	0.04	"M|5|V"
445	"Calloway"	207.871	3720	0.7	0.86	0.32	"K|3|V"
2951	"Londerholm"	1873.158	4159	0.6	0.94	NA	"K|5|V"
833	"Evciler"	369.143	3062	0.4	0.25	0.02	"M|2|V"
255	"Banori"	509.596	2567	0.3	0.23	0.04	"M|5|V"
927	"Galuzzo"	251.434	2602	0.3	0.26	0.08	"M|6|V"
92	"Alrescha"	97.906	5524	0.9	1.02	0.89	"G|5|V"
1533	"Ludwigshafen"	372.066	3174	0.3	0.28	0.04	"M|1|V"
1856	"New Valencia"	225.586	2662	0.4	0.63	0.06	"M|5|V"
284	"Bedeque"	146.644	3265	NA	0.46	NA	"M|1|V"
1065	"Hassi R'mel"	401.407	2616	0.4	0.61	0.01	"M|2|V"
1460	"Las Tunas"	743.898	2624	0.1	0.3	0.05	"M|4|V"
3044	"Wolf Orbital 82"	691.654	4173	0.6	0.93	NA	"K|5|V"
1891	"Norman's World"	483.994	5783	0.8	1.03	1.32	"G|2|V"
965	"Glengarry"	108.729	4083	0.5	0.85	0.17	"K|2|V"
592	"Coopertown"	546.037	3054	0.1	0.54	0.06	"M|3|V"
2948	"Huntress"	1758.559	2835	0.2	0.58	0.07	"M|5|V"
547	"Chitwan"	173.436	3024	0.3	0.44	0.01	"M|1|V"
2413	"Stewart"	130.008	2566	0.4	0.39	0.01	"M|7|V"
938	"Garrison"	207.811	2595	0.2	0.66	0.07	"M|7|V"
1547	"Lyreton"	424.809	3207	0.3	0.23	0.06	"M|2|V"
2617	"Ukunela"	295.225	3712	0.7	0.7	0.42	"K|5|V"
2000	"Payia"	408.009	2823	0.2	0.1	0.02	"M|1|V"
916	"Gahral"	213.84	5579	0.9	1	0.71	"G|2|V"
2129	"Regulus"	235.654	2491	0.4	0.16	0.08	"M|8|V"
1622	"Masterton"	471.527	2547	0.3	0.34	0.02	"M|2|V"
653	"Dalton"	257.401	2453	0.4	0.21	0.01	"M|5|V"
3069	"Ksabi"	1045.343	2677	0.2	0.64	0.02	"M|4|V"
521	"Chapultepec"	419.233	3037	0.3	0.65	0.03	"M|1|V"
2904	"Gaul"	708.54	3234	0.4	0.39	0.06	"M|1|V"
2870	"Lummatii"	528.571	2418	0.2	0.47	0.01	"M|6|V"
970	"Glitnir"	647.221	2808	0.4	0.56	0.06	"M|3|V"
3083	"Rest Stop"	865.853	4507	0.8	0.82	0.45	"K|3|V"
2630	"Unkador"	377.948	2866	0.4	0.43	0.03	"M|3|V"
854	"Fathepur"	358.295	3086	0.2	0.28	0.06	"M|3|V"
557	"Ciampino"	371.123	3535	0.4	0.59	0.03	"M|1|V"
317	"Bethonolog"	404.338	5445	1	1.08	1.29	"G|4|V"
1165	"Ibarra"	311.713	2885	0.4	0.31	0.02	"M|1|V"
584	"Concord"	149.242	2405	0.2	0.13	0.04	"M|8|V"
820	"Eschenberg"	235.12	4251	0.6	0.84	0.18	"K|3|V"
1521	"Lothan"	220.925	4231	0.7	0.78	0.2	"K|4|V"
2529	"Thermopolis"	223.109	2832	0.2	0.25	0.08	"M|5|V"
1270	"Jungar Qi"	282.323	2400	0.3	0.57	0.02	"M|7|V"
3015	"Valerius"	478.527	4162	0.6	0.78	0.44	"K|0|V"
1108	"Hickok"	432.215	2654	0.3	0.3	0.07	"M|2|V"
937	"Gardnaus"	345.161	3796	0.6	0.72	0.23	"K|1|V"
2081	"Pusht-i-rud"	510.364	5548	0.9	1.11	1.19	"G|2|V"
1761	"Morrigan"	340.803	2544	0.4	0.43	0.07	"M|1|V"
491	"Cassias"	327.554	3204	0.1	0.55	0.05	"M|3|V"
2418	"Stotzing"	402.537	3947	0.6	0.87	0.4	"K|5|V"
1896	"Notwina"	352.971	2711	0.2	0.68	0.07	"M|1|V"
953	"Gienah"	183.531	2935	0.3	0.67	0.07	"M|4|V"
2215	"Salem"	262.141	2617	0.2	0.16	0.06	"M|5|V"
85	"Gamma Sagittarius"	116.052	2888	0.3	0.66	0.03	"M|5|V"
309	"Bernardo"	96.943	3854	0.5	0.93	0.45	"K|7|V"
293	"Bell"	579.19	3550	NA	0.42	0.04	"M|1|V"
2770	"Wolof"	337.413	3544	0.2	0.12	0.06	"M|1|V"
2265	"Schwartz"	461.704	2473	0.4	0.15	0.05	"M|6|V"
2906	"Hope"	709.894	4313	0.5	0.94	0.4	"K|5|V"
782	"El Kerak"	375.541	2610	0.2	NA	0.03	"M|4|V"
120	"Ammon"	659.668	2771	0.2	0.13	0.06	"M|1|V"
1406	"Koumi"	262.482	3244	0.3	0.17	0.06	"M|2|V"
1731	"Mizt"	680.623	2857	0.3	0.48	0.04	"M|2|V"
307	"Bergman's Planet"	276.328	4333	NA	0.72	0.21	"K|0|V"
28	"Adelson"	532.641	2837	0.4	0.68	0.05	"M|3|V"
996	"Gravenhage"	523.765	4862	0.5	0.87	0.55	"K|2|V"
1078	"Hegel"	271.031	3826	0.5	0.93	0.59	"K|7|V"
401	"Brockway"	417.507	5208	0.9	1.03	0.9	"G|5|V"
65	"Alexandria"	129.525	2965	0.3	0.2	0.05	"M|5|V"
1931	"Olafsvik"	297.219	5675	NA	1.13	0.94	"G|2|V"
2324	"Shuen Wan"	222.43	5528	0.8	1.03	1.16	"G|4|V"
1876	"Niquinohomo"	466.444	5319	0.9	1.06	0.84	"G|4|V"
3089	"Star Cluster 1108"	1988.435	3811	0.5	0.89	0.33	"K|3|V"
1074	"Heathville"	518.04	2495	0.3	0.48	0.02	"M|4|V"
2811	"Zalt"	706.871	4250	0.7	0.92	0.15	"K|0|V"
1661	"Meinacos"	357.168	5810	0.9	1.03	1.17	"G|2|V"
145	"Antallos"	542.011	3948	0.5	0.93	0.47	"K|2|V"
178	"Armaxa"	231.722	5519	0.8	1.14	1.27	"G|5|V"
1431	"Kwangchowwang"	418.747	3862	0.5	0.9	0.59	"K|1|V"
806	"Enif"	517.167	2867	0.2	0.39	0.04	"M|1|V"
2119	"Raphael"	318.112	3000	0.2	0.27	0.04	"M|1|V"
3012	"Helios"	552.129	4253	0.6	0.8	0.29	"K|2|V"
3050	"Fröislandis"	1466.288	3727	NA	0.72	0.24	"K|5|V"
478	"Carmelita"	786.3	2891	0.4	0.14	0.02	"M|0|V"
2725	"Washburn"	186.768	3936	0.6	0.9	0.17	"K|6|V"
915	"Gaeri"	701.31	2478	0.2	0.5	0.06	"M|2|V"
2792	"Yanchep"	316.753	4975	0.6	0.88	0.32	"K|1|V"
152	"Aomen"	323.666	2881	0.4	0.66	0.05	"M|1|V"
1472	"Lee"	188.655	2738	0.2	0.67	0.06	"M|3|V"
2520	"Tetski"	491.614	2799	0.2	0.55	0.06	"M|5|V"
2378	"Sorsk"	740.099	3514	0.2	0.23	0.08	"M|1|V"
830	"Eustatius"	499.237	2925	0.3	0.23	0.06	"M|3|V"
2076	"Proserpina"	161.889	2952	0.3	0.54	0.05	"M|0|V"
1060	"Harrow's Sun"	271.312	4151	0.6	0.81	0.18	"K|2|V"
1143	"Hoyleton"	508.766	2615	0.1	0.29	0.05	"M|7|V"
1405	"Koulen"	436.717	3148	0.1	0.56	0.05	"M|2|V"
523	"Charity"	411.035	2889	0.4	0.37	0.07	"M|2|V"
3081	"SLSC A0V.4900"	1008.835	3079	0.1	0.47	0.03	"M|3|V"
619	"Cree"	311.687	3725	0.8	0.94	0.6	"K|2|V"
2060	"Praxton"	563.038	2515	0.4	0.18	0.05	"M|3|V"
91	"Alrakis"	84.276	5797	0.9	1.12	1.15	"G|2|V"
2266	"Scituate"	236.889	3151	0.1	0.64	0.02	"M|2|V"
754	"Dunklewälderdunklerflüssenschattenwelt"	503.652	2660	0.1	0.55	0.08	"M|5|V"
1245	"Jenet"	318.161	2955	0.2	0.51	0.01	"M|5|V"
3161	"Gaucin"	523.184	3891	0.7	0.88	0.55	"K|7|V"
14	"Acala"	182.916	3129	0.4	0.31	0.06	"M|3|V"
418	"Burnt Rock"	380.265	3001	0.3	0.49	0.01	"M|3|V"
3105	"Aurigae"	1503.317	4265	0.5	0.87	0.53	"K|5|V"
2667	"Vega"	106.677	5496	1	1.07	0.76	"G|4|V"
2454	"Sylvester"	381.048	3880	0.5	0.83	0.33	"K|3|V"
116	"Ambrose"	483.665	2502	0.3	0.7	0.02	"M|4|V"
2208	"Saiph"	68.188	2924	0.4	0.25	0.03	"M|0|V"
2498	"Tau Ceti"	12.785	2566	0.2	0.22	0.06	"M|3|V"
887	"Flushing"	205.833	3329	0.2	0.49	0.04	"M|0|V"
1637	"Maynard"	304.505	2529	0.1	0.53	0.05	"M|3|V"
1182	"Illyria"	473.967	2947	0.4	0.14	0.02	"M|4|V"
1817	"New Bergen"	403.412	2851	0.2	0.37	0.02	"M|4|V"
237	"Baggville"	451.862	2867	0.4	0.15	0.02	"M|2|V"
26	"Addicks"	71.442	5384	0.9	1.05	1.42	"G|4|V"
1478	"Leoben"	407.373	5387	1	0.98	1.27	"G|5|V"
1798	"Narellan"	305.878	3090	0.1	0.16	0.05	"M|3|V"
236	"Badlands Cluster"	550.426	5328	0.9	1.02	0.69	"G|2|V"
1684	"Merlynpede"	485.245	3084	0.2	0.5	0.05	"M|2|V"
1789	"Naissus"	383.145	2634	0.3	0.32	0.08	"M|0|V"
1213	"Isesaki"	338.17	5256	1	1.02	0.7	"G|3|V"
1981	"Paracale"	237.535	2602	0.2	0.55	0.03	"M|5|V"
1591	"Manksville"	389.073	2428	0.3	0.45	0.03	"M|7|V"
2979	"Navarre"	1351.008	3066	0.3	0.59	0.07	"M|4|V"
440	"Caledonia"	126.607	2558	0.2	0.67	0.02	"M|3|V"
157	"Apostica"	166.39	2810	0.4	0.35	0.02	"M|1|V"
834	"Everett"	175.414	2423	0.3	0.27	0.03	"M|1|V"
1995	"Pattison"	590.181	2424	0.2	0.59	0.04	"M|5|V"
1409	"Kowloon"	469.383	2552	0.4	0.52	0.04	"M|7|V"
2800	"Ylemelke"	508.828	2485	0.1	0.2	0.03	"M|3|V"
1051	"Hanseta"	454.858	2437	0.1	0.38	0.02	"M|8|V"
217	"Avawatz"	167.53	2457	0.3	0.64	0.07	"M|8|V"
2360	"Small World"	52.168	2432	0.4	0.18	0.02	"M|5|V"
1244	"Jeju"	491.423	5551	NA	1.15	1.13	"G|5|V"
1585	"Mandeville"	727.345	2956	0.3	0.27	0.03	"M|2|V"
2099	"Quincy"	349.064	2472	NA	0.54	0.02	"M|3|V"
2695	"Viribium"	392.756	5385	0.8	0.96	1.09	"G|4|V"
2122	"Rasalgethi"	216.273	2897	0.1	0.69	0.07	"M|4|V"
2650	"Valladolid"	591.354	3976	0.5	0.88	0.2	"K|6|V"
2762	"Winfield"	537.907	2441	0.2	0.54	0.06	"M|1|V"
432	"Caillinius"	556.052	2602	0.4	0.08	0.06	"M|3|V"
898	"Frankson"	587.803	3783	0.7	0.91	0.19	"K|7|V"
150	"Anywhere"	466.992	4029	0.6	0.88	0.29	"K|5|V"
2566	"Torgvei"	580.193	2819	0.3	0.23	0.06	"M|6|V"
2154	"Ridgebrook"	377.737	3903	0.8	0.83	0.23	"K|3|V"
1395	"Konstance"	98.458	3777	0.5	0.94	0.29	"K|7|V"
1671	"Memphis"	579.783	3250	0.1	0.23	0.01	"M|3|V"
1562	"Maharet"	277.245	4106	0.8	0.91	0.12	"K|6|V"
1174	"Igualada"	311.943	5314	0.9	0.99	0.72	"G|5|V"
2339	"Simancas"	417.603	3082	0.4	0.12	0.02	"M|2|V"
896	"Fortymile"	288.82	2802	0.2	0.23	0.06	"M|2|V"
443	"Callison"	64.34	2455	0.2	0.28	0.04	"M|8|V"
1465	"Launam"	167.677	3874	0.7	0.95	0.11	"K|3|V"
1618	"Marsalle"	334.917	5327	0.9	1.08	1.2	"G|2|V"
2843	"Zoetermeer"	339.662	3019	0.2	0.29	0.04	"M|3|V"
1335	"Kessel"	84.732	5564	1	1.08	1.21	"G|2|V"
885	"Florarda"	258.921	4080	0.5	0.72	0.31	"K|5|V"
1982	"Paradise"	271.17	3952	0.6	0.78	0.52	"K|7|V"
2778	"Wright"	292.038	3842	0.5	0.79	0.59	"K|6|V"
1741	"Molokai"	321.508	2483	0.3	0.58	0.01	"M|6|V"
1544	"Lynchburg"	364.022	2644	0.3	0.69	0.07	"M|7|V"
2321	"Shitara"	96.549	4221	0.7	0.85	0.39	"K|5|V"
1899	"Nova Roma"	157.713	2553	0.2	0.38	0.03	"M|0|V"
609	"Coudoux"	423.261	3169	0.2	0.63	0.06	"M|2|V"
302	"Benjamin"	182.944	2980	0.4	0.52	0.07	"M|4|V"
2669	"Venaria"	404.873	3495	0.2	0.47	0.08	"M|1|V"
1454	"Land's End"	518.428	2640	0.3	0.62	0.02	"M|2|V"
2409	"Sterlington"	526.959	2489	0.1	0.3	0.03	"M|7|V"
1456	"Laong"	250.764	2539	0.2	0.08	0.06	"M|3|V"
1883	"Nobel"	457.957	2472	0.4	0.22	0.06	"M|8|V"
1698	"Midale"	408.778	2671	0.3	0.55	0.04	"M|6|V"
1733	"Mkuranga"	355.783	2854	0.2	0.27	0.03	"M|5|V"
1053	"Harbin"	223.956	3090	0.2	0.31	0.04	"M|1|V"
224	"Awyron"	489.679	5578	0.9	1.05	0.7	"G|2|V"
866	"Fianna"	142.939	2550	0.2	0.55	0.04	"M|5|V"
818	"Eromanga"	307.609	3309	0.4	0.56	0.02	"M|2|V"
2758	"Willunga"	480.221	2832	0.2	0.31	0.07	"M|5|V"
2915	"Orkney"	550.436	2728	0.4	0.43	0.02	"M|4|V"
1527	"Luanda"	522.453	2689	0.3	0.65	0.03	"M|5|V"
1964	"Ovan"	208.056	3160	0.4	0.48	0.04	"M|3|V"
2064	"Pressville"	645.184	2470	0.3	0.13	0.05	"M|4|V"
3047	"Caesar's Crown"	665.716	3017	0.2	0.4	0.04	"M|4|V"
334	"Biuque"	331.373	3934	0.7	0.95	0.47	"K|5|V"
2620	"Ullieri"	307.778	2638	0.1	0.16	0.04	"M|1|V"
429	"Caerlaverock"	490.109	3182	0.1	0.16	0.07	"M|2|V"
459	"Canal"	486.867	2639	0.2	0.17	0.03	"M|2|V"
1948	"Oriente"	224.762	3057	0.3	0.68	0.06	"M|2|V"
582	"Commonwealth Mining Outpost 26"	366.003	4075	0.5	0.89	0.38	"K|6|V"
3054	"Joradian Cluster"	1872.535	3065	NA	0.23	0.05	"M|2|V"
1349	"Kilarney"	334.515	2423	0.4	0.43	0.06	"M|6|V"
2871	"Marius's Tears"	589.468	5464	1	1.15	0.86	"G|2|V"
2314	"Shionoha"	134.498	5772	1	0.98	1.05	"G|2|V"
2202	"Sadachbia"	88.221	2810	0.4	0.12	0.07	"M|3|V"
1737	"Mohács"	323.03	2880	0.1	0.25	0.05	"M|5|V"
674	"Decus"	255.495	3442	0.3	0.14	0.05	"M|1|V"
2545	"Tikonov"	111.166	2744	0.3	0.44	0.05	"M|1|V"
2868	"Logan Prime"	536.04	4183	0.7	0.74	0.33	"K|6|V"
358	"Bogrib"	336.049	3054	0.1	0.57	0.01	"M|3|V"
2126	"Redfield"	254.73	2408	0.2	0.59	0.03	"M|8|V"
2079	"Pula"	354.679	3204	0.3	0.59	0.02	"M|2|V"
1122	"Hoff"	266.707	2661	0.4	0.11	0.06	"M|2|V"
2943	"Glory"	1838.239	3801	0.7	0.95	0.29	"K|6|V"
1370	"Kitzingen"	228.012	3537	0.3	0.68	0.05	"M|0|V"
2395	"Staffin"	207.096	4367	0.7	0.84	0.4	"K|0|V"
2888	"Carvajal"	603.335	4529	0.8	0.76	0.18	"K|2|V"
3030	"St. Jean"	1163.98	3920	0.6	0.77	0.37	"K|5|V"
1491	"Linden"	782.786	2442	0.2	0.16	0.07	"M|4|V"
1031	"Haggard"	480.751	3701	0.6	0.84	0.14	"K|6|V"
785	"Elbing"	96.343	2837	0.2	0.65	0.07	"M|5|V"
734	"Dothan"	454.035	2572	0.1	0.32	0.05	"M|2|V"
1148	"Huanghuadian"	434.243	2794	0.1	0.49	0.02	"M|3|V"
54	"Albert Falls"	291.568	2733	0.1	0.14	0.05	"M|0|V"
2907	"Independence"	508.458	2424	0.3	0.36	0.04	"M|5|V"
1695	"Micanos"	680.078	3238	0.1	0.42	0.07	"M|3|V"
1415	"Krin"	221.404	3423	0.1	0.14	0.01	"M|1|V"
759	"Duxfort"	405.632	2459	0.2	0.32	0.04	"M|5|V"
2764	"Wingzar"	483.736	2570	0.3	0.65	0.02	"M|2|V"
706	"Diass"	308.861	2702	NA	0.35	0.03	"M|5|V"
831	"Eutin"	268.678	2894	0.3	0.17	0.07	"M|2|V"
213	"Aur"	199.01	2769	0.1	0.3	0.02	"M|3|V"
901	"Freedom"	125.455	2739	0.2	0.18	0.04	"M|5|V"
1849	"New Sapporo"	533.851	3724	0.8	0.8	0.17	"K|6|V"
1331	"Kerman"	507.612	5688	1	1.03	0.73	"G|3|V"
631	"Csomad"	517.606	2538	0.2	0.38	0.01	"M|5|V"
2847	"Zosma"	51.222	3736	0.6	0.82	NA	"K|5|V"
185	"Arundel"	607.453	2749	0.3	0.08	0.03	"M|2|V"
1692	"Metter"	542.192	2571	0.2	0.12	0.07	"M|5|V"
449	"Camadeierre"	456.738	2958	0.2	0.36	0.02	"M|5|V"
2139	"Rennes"	545.482	2967	0.2	0.37	0.06	"M|2|V"
1885	"Nogales"	347.017	2654	0.4	0.1	0.04	"M|4|V"
2824	"Zawiercie"	314.411	2761	0.4	0.19	0.01	"M|2|V"
1895	"Northwind"	34.24	2715	0.1	0.66	0.07	"M|5|V"
675	"Defiance"	438.118	3071	0.3	0.63	0.03	"M|3|V"
2501	"Tawas"	146.757	4232	0.5	0.87	0.19	"K|3|V"
1324	"Kempten"	311.377	3003	0.1	0.43	0.05	"M|0|V"
705	"Diamantina"	330.259	4086	0.7	0.79	0.16	"K|2|V"
2372	"Solor"	512.743	5642	0.9	1.09	1.18	"G|2|V"
2381	"Soverzene"	328.893	2806	0.3	0.19	0.03	"M|2|V"
129	"Andelys"	458.79	2502	0.2	NA	0.03	"M|4|V"
1069	"Haynesville"	462.104	2865	0.3	0.22	0.01	"M|3|V"
569	"Clovis"	180.192	2738	0.4	0.53	0.07	"M|2|V"
2214	"Salardion"	396.437	2703	0.4	NA	0.07	"M|1|V"
70	"Algorab"	115.66	3925	NA	0.8	NA	"K|5|V"
1110	"Hildaman"	192.933	4349	0.6	0.81	0.53	"K|2|V"
1877	"Nirasaki"	39.444	2424	0.4	0.4	0.04	"M|8|V"
462	"Canopus"	421.522	4109	0.5	0.83	0.12	"K|3|V"
578	"Colmar"	306.523	2530	0.4	NA	0.08	"M|3|V"
2852	"Zwenkau"	233.922	2803	0.4	0.53	0.02	"M|2|V"
3111	"Frobisher"	598.709	3471	0.2	0.6	0.08	"M|0|V"
2487	"Tanz"	690.763	3129	0.2	0.24	0.04	"M|3|V"
144	"Annwyn"	305.615	2685	0.2	0.4	0.06	"M|3|V"
844	"Fallon"	371.02	4756	0.7	0.77	0.54	"K|2|V"
19	"Achton"	660.516	2443	0.4	0.43	0.03	"M|5|V"
1867	"Nichol's Rest"	274.835	3744	0.7	0.92	0.15	"K|7|V"
629	"Cryfder"	517.129	3127	0.4	0.33	0.07	"M|1|V"
1088	"Hellos Minor"	259.14	3098	0.2	0.17	0.05	"M|1|V"
903	"Frondas"	248.377	3870	0.7	0.82	0.53	"K|6|V"
215	"Australia"	419.99	2911	0.1	0.46	0.02	"M|4|V"
235	"Badlands"	550.708	3161	NA	0.25	0.04	"M|2|V"
1536	"Lurgatan"	331.509	2933	0.2	0.11	0.01	"M|0|V"
2125	"Recife"	396.695	4107	0.7	0.79	0.52	"K|1|V"
1616	"Marlowe's Rift"	250.609	4823	0.7	0.82	0.27	"K|2|V"
2461	"Szombathely"	200.74	3057	0.2	0.66	0.03	"M|1|V"
465	"Capella"	176.33	5355	0.9	1.1	1.47	"G|5|V"
436	"Caldarium"	502.778	4248	0.8	0.83	0.16	"K|4|V"
2508	"Tegaldanas"	417.701	2819	0.4	0.35	0.03	"M|3|V"
2661	"Vard"	362.643	5350	0.9	1.15	1.04	"G|5|V"
1792	"Naka Pabni"	477.362	2688	0.4	0.24	0.06	"M|1|V"
2025	"Pierce"	462.658	3959	0.8	0.87	0.24	"K|7|V"
1644	"McKellan"	236.923	2588	0.1	0.55	NA	"M|4|V"
1985	"Pardeau"	149.723	3879	0.8	0.76	0.32	"K|2|V"
2775	"Worrell"	372.553	2408	0.3	0.6	0.05	"M|3|V"
2933	"Eden"	1619.256	3244	0.4	0.63	0.02	"M|1|V"
3119	"Nebula D77"	1947.238	3083	0.4	0.41	0.04	"M|4|V"
1587	"Mangor"	401.097	2510	0.1	NA	0.01	"M|2|V"
1413	"Krievci"	320.018	3410	0.4	0.29	0.07	"M|2|V"
740	"Dresden"	218.491	2584	0.4	0.44	0.05	"M|3|V"
243	"Balkan"	91.155	3104	0.1	0.45	0.07	"M|2|V"
1512	"Lonaconing"	454.76	2508	0.3	0.41	0.06	"M|8|V"
512	"Chagos"	347.407	3194	0.2	0.54	0.05	"M|2|V"
41	"Agliana"	485.586	2733	0.3	0.19	0.03	"M|5|V"
2817	"Zaniah"	102.889	2617	0.4	0.09	0.04	"M|3|V"
2890	"Charleston"	565.271	4623	0.6	0.76	0.2	"K|2|V"
2720	"Ward"	414.519	3059	0.3	0.37	0.02	"M|3|V"
879	"Flatspin"	465.383	4174	0.7	NA	0.22	"K|6|V"
1442	"Lackland"	573.445	3251	0.2	0.16	0.05	"M|2|V"
29	"Adhafera"	117.08	3361	0.3	0.68	0.05	"M|2|V"
2752	"Wetumpka"	552.376	2981	0.4	0.25	0.07	"M|2|V"
2959	"Shadow"	1749.943	2443	0.4	0.41	0.02	"M|5|V"
942	"Geifer"	190.01	4313	0.8	0.77	0.37	"K|3|V"
2540	"Thurrock"	389.33	2877	0.4	0.59	0.02	"M|1|V"
732	"Donenac"	219.159	2593	0.4	0.29	0.06	"M|5|V"
2237	"Saravan"	331.428	3962	0.7	NA	0.36	"K|3|V"
288	"Beils"	245.582	2707	0.2	0.15	0.07	"M|1|V"
1507	"Logandale"	147.645	4236	0.8	0.77	0.36	"K|0|V"
1855	"New Troy"	264.885	2923	0.3	0.62	0.06	"M|3|V"
1868	"Nightwish"	446.915	3059	0.2	0.5	0.06	"M|3|V"
17	"Achilles"	139.519	2769	0.3	0.12	0.03	"M|5|V"
2985	"Bremen"	1131.231	4344	0.7	0.89	0.21	"K|0|V"
196	"Asta"	25.875	2765	0.3	0.17	0.04	"M|3|V"
2018	"Petrolia"	316.046	4348	0.5	0.74	0.37	"K|0|V"
1467	"Laurent"	306.122	3107	0.4	0.35	0.02	"M|2|V"
1747	"Montcoal"	299.652	2577	0.4	0.28	0.03	"M|3|V"
2955	"Niles"	1710.975	4188	0.6	0.77	0.36	"K|5|V"
2642	"Vaj"	205.369	5710	0.9	1.06	0.97	"G|3|V"
1823	"New Crete"	204.428	3135	0.1	0.54	0.08	"M|3|V"
1010	"Grosvenor"	363.576	2503	0.1	0.26	0.07	"M|1|V"
517	"Champadanga"	438.825	2729	0.3	0.33	0.08	"M|6|V"
131	"Andurien"	317.943	5548	0.8	0.99	1.04	"G|4|V"
2509	"Tellman"	546.04	2773	0.4	0.49	0.03	"M|4|V"
1870	"Niihau"	250.668	3899	0.5	0.89	0.43	"K|5|V"
1469	"Layover"	205.173	5506	0.9	1.05	0.95	"G|5|V"
2595	"Tsingtao"	181.059	2484	0.1	0.56	0.04	"M|3|V"
568	"Clipperton"	322.215	2420	0.4	0.08	0.06	"M|8|V"
1729	"Miyazaki"	77.149	2712	0.4	0.6	0.07	"M|5|V"
1662	"Meinhof"	245.699	2860	0.2	0.37	0.02	"M|2|V"
1390	"Kolobrzeg"	137.987	2415	0.1	0.68	0.03	"M|2|V"
826	"Esztergom"	256.264	4329	0.5	0.84	0.37	"K|2|V"
616	"Cranston"	397.625	5581	1	0.99	0.7	"G|2|V"
123	"Anaea"	182.557	2881	0.4	0.39	0.07	"M|3|V"
2253	"Sawyer"	465.727	2520	0.4	0.26	0.05	"M|7|V"
365	"Boondock"	591.287	2632	0.1	0.35	0.04	"M|2|V"
2601	"Turin"	368.468	3088	0.1	0.49	0.02	"M|3|V"
1922	"Odessa"	221.364	3754	0.6	0.88	0.52	"K|5|V"
1754	"Moravian"	171.522	3133	0.1	0.39	0.04	"M|2|V"
1439	"Labrea"	353.792	3073	0.3	0.23	0.07	"M|4|V"
308	"Bergtatt"	392.916	4731	0.5	0.9	0.47	"K|2|V"
3169	"Graystone"	1255.592	4154	0.7	0.71	0.2	"K|2|V"
225	"Axton"	170.277	2923	0.2	0.25	0.06	"M|5|V"
662	"Daol"	365.981	2512	NA	0.29	0.05	"M|1|V"
1516	"Lopez"	332.545	2676	0.3	0.15	0.05	"M|3|V"
2436	"Sumy"	291.709	3411	0.3	0.23	0.05	"M|2|V"
567	"Clinton"	174.483	2560	0.2	0.52	0.07	"M|3|V"
2157	"Rio"	99.618	3371	0.3	0.3	0.07	"M|0|V"
2861	"Ballalaba"	534.599	2516	0.2	0.45	0.06	"M|4|V"
1402	"Kossandra's Memory"	528.467	2630	0.4	0.67	0.06	"M|6|V"
1379	"Knutdor"	242.812	2477	0.1	0.57	0.01	"M|6|V"
1844	"New Praha"	204.488	2693	0.4	0.13	0.07	"M|5|V"
537	"Chiavenna"	390.641	5539	0.8	1.04	0.65	"G|3|V"
1487	"Lhasa"	188.792	5672	1	1.12	1.08	"G|2|V"
2651	"Valloire"	386.165	2606	0.1	0.5	0.01	"M|5|V"
187	"Ascella"	77.285	3827	0.5	0.81	0.59	"K|7|V"
3068	"Kefya"	1049.379	2812	0.3	0.47	0.07	"M|3|V"
101	"Alterf"	256.113	2826	NA	0.41	0.02	"M|5|V"
1317	"Kearny"	302.615	5358	0.9	1.14	0.71	"G|5|V"
470	"Caracol"	483.507	4562	0.5	0.78	0.25	"K|3|V"
2205	"Safe Port"	316.904	2622	0.4	0.32	0.06	"M|2|V"
379	"Braben's Frontier"	616.108	2767	0.3	0.44	0.02	"M|2|V"
337	"Black Earth"	433.006	5396	1	1.04	0.83	"G|5|V"
2369	"Soilihull"	193.816	2844	0.1	0.36	0.03	"M|5|V"
1444	"Lahti"	451.425	3172	0.4	0.36	0.01	"M|3|V"
2333	"Sigma Mare"	315.003	4238	0.5	0.75	0.55	"K|4|V"
794	"Ellsworth"	318.967	2532	0.1	0.33	0.04	"M|5|V"
2984	"Braunschweig"	1093.747	2440	0.2	0.62	0.03	"M|0|V"
2160	"Robinson"	232.81	2932	0.4	0.7	0.05	"M|3|V"
871	"Findal"	584.066	3027	0.2	0.09	0.02	"M|1|V"
1369	"Kittery"	238.547	4175	0.6	0.94	0.55	"K|5|V"
1589	"Manihiki"	266.902	4178	NA	0.71	0.24	"K|6|V"
2588	"Trondheim"	411.701	3950	0.7	0.87	0.2	"K|6|V"
1989	"Parma"	363.588	2489	0.4	0.63	0.02	"M|8|V"
1793	"Nakaojo"	340.653	3050	0.4	0.12	0.07	"M|4|V"
1414	"Krimari"	468.344	2649	0.3	0.34	0.05	"M|0|V"
546	"Chita"	568.687	4440	0.8	0.72	0.6	"K|3|V"
2831	"Zelmag"	481.861	4161	0.6	0.72	0.38	"K|3|V"
184	"Artru"	498.275	3710	0.5	0.86	0.27	"K|7|V"
957	"Gingeria"	565.302	2962	0.2	0.57	0.06	"M|5|V"
1070	"Hazeldean"	441.447	3004	0.3	0.61	0.08	"M|2|V"
2348	"Skandia"	252.494	2411	0.3	0.47	0.03	"M|0|V"
2021	"Phecda"	74.468	2889	0.2	0.69	0.06	"M|0|V"
1085	"Heligoland"	168.671	4044	0.5	0.85	0.14	"K|2|V"
1167	"Icar"	422.139	2777	NA	0.45	0.05	"M|4|V"
2804	"Ype-Jhu"	688.329	3074	0.3	0.27	0.03	"M|4|V"
2492	"Tarkio"	317.42	2938	0.2	0.13	0.02	"M|4|V"
971	"Gniezno"	129.436	4003	0.5	0.74	0.3	"K|4|V"
1384	"Kockengen"	187.347	4095	NA	0.76	0.47	"K|6|V"
290	"Belaire"	432.578	3359	0.2	0.13	NA	"M|2|V"
431	"Cahokia"	297.799	2714	0.4	0.65	0.03	"M|3|V"
809	"Entalun"	335.777	5434	0.9	1.01	1.14	"G|5|V"
76	"Alkes"	118.845	4113	0.5	0.83	0.11	"K|5|V"
1648	"Meadowvale"	349.275	5463	0.9	0.96	1.06	"G|5|V"
1751	"Montsegur"	459.177	4172	0.8	0.82	0.19	"K|3|V"
2342	"Simpson Desert"	289.177	3738	0.8	0.91	0.29	"K|5|V"
1303	"Katinka"	476.011	2472	0.4	0.41	0.01	"M|1|V"
2273	"Seiduts"	370.755	2837	0.4	0.12	0.02	"M|4|V"
159	"Apsalar"	575.065	2528	0.4	0.63	0.06	"M|3|V"
2894	"Dante"	462.311	5349	0.9	1.09	1.04	"G|5|V"
1242	"Java"	241.831	3834	0.6	0.92	0.45	"K|7|V"
2249	"Saunemin"	252.457	2964	0.1	0.58	0.01	"M|4|V"
3107	"Chaffee"	1779.52	2988	0.4	0.51	0.07	"M|4|V"
2645	"Valasha"	596.118	3904	0.5	0.96	0.32	"K|7|V"
2380	"Soul"	469.4	2852	0.1	0.15	0.05	"M|3|V"
2330	"Sierpc"	291.602	2879	0.3	0.39	0.01	"M|3|V"
2982	"Antwerp"	1098.107	2568	0.2	0.53	0.08	"M|5|V"
1091	"Helsingfors"	209.705	2754	0.2	0.36	0.05	"M|3|V"
2698	"Vixen"	487.646	2967	0.3	0.14	0.04	"M|5|V"
3132	"Cephei"	693.324	3733	0.7	0.74	0.59	"K|2|V"
773	"Egress"	376.425	2928	0.2	0.1	0.05	"M|3|V"
594	"Coraines"	527.511	4548	0.8	0.7	0.25	"K|2|V"
3022	"Ghent"	1183.486	2534	0.2	0.67	0.02	"M|8|V"
1059	"Harpster"	228.623	3012	0.2	0.31	0.02	"M|4|V"
1453	"Landmark"	434.219	2732	0.2	0.28	0.04	"M|2|V"
1177	"Iknogoro"	253.443	5391	1	NA	1.2	"G|2|V"
1606	"Marfik"	105.768	3859	0.7	0.71	0.59	"K|3|V"
1654	"Megarez"	445.863	3186	0.1	0.14	0.06	"M|2|V"
1041	"Halla"	552.862	3147	0.2	0.56	0.05	"M|3|V"
777	"Eilenburg"	221.087	4456	0.6	0.81	0.08	"K|2|V"
3043	"Waystation 531"	1540.049	5348	0.9	0.97	1.5	"G|3|V"
522	"Chara"	29.91	4624	0.5	0.86	0.39	"K|1|V"
1762	"Morrill"	397.281	2884	0.1	0.36	0.08	"M|2|V"
2839	"Zinal"	527.101	3754	NA	0.9	0.38	"K|5|V"
2124	"Rastaban"	264.981	2696	0.2	0.68	0.07	"M|5|V"
1549	"Ma'anshan"	475.076	4182	0.7	0.85	0.56	"K|2|V"
514	"Chakachamna"	350.362	3776	0.8	0.75	0.49	"K|5|V"
399	"Brocchi's Cluster"	419.509	2782	0.1	0.36	0.07	"M|0|V"
2748	"Westerstede"	268.316	3565	0.3	0.33	0.06	"M|0|V"
2747	"Westerhand"	276.138	3858	0.7	0.8	0.51	"K|3|V"
583	"Conakry"	342.513	3708	0.8	0.76	0.17	"K|7|V"
1104	"Hesperus"	132.143	3524	0.3	0.09	0.02	"M|1|V"
444	"Callisto"	199.615	2428	0.2	0.68	0.07	"M|4|V"
2347	"Skallevoll"	437.516	2668	0.4	0.34	0.06	"M|2|V"
2328	"Sichuan"	114.02	2431	NA	0.08	0.05	"M|3|V"
306	"Berenson"	72.441	2804	NA	0.12	0.05	"M|5|V"
1142	"Howrah"	355.35	2896	0.3	0.14	0.03	"M|5|V"
2095	"Quilino"	358.63	4816	0.5	0.72	0.14	"K|2|V"
1160	"Hyades Cluster"	433.995	2915	0.2	0.69	0.07	"M|3|V"
1380	"Knutstad"	594.702	3129	0.2	0.27	0.08	"M|3|V"
2926	"Tyrrhenia"	649.819	3668	0.2	0.19	0.07	"M|0|V"
2996	"Kalmar"	1193.507	5624	0.8	1.13	NA	"G|2|V"
1927	"Ohrensen"	122.845	2927	0.1	0.17	NA	"M|1|V"
2773	"Woodstock"	57.481	2487	NA	0.09	NA	"M|3|V"
2682	"Vicente"	454.397	3973	0.7	0.81	0.42	"K|6|V"
2946	"Hellgate"	1843.769	5729	0.8	1.01	1.23	"G|2|V"
788	"Eleusis"	380.379	2910	0.4	0.39	0.05	"M|1|V"
331	"Birqash"	383.362	2724	0.2	NA	0.06	"M|3|V"
1171	"Ideyld"	223.766	2405	0.1	0.26	0.06	"M|5|V"
149	"Antipolo"	285.096	4167	0.7	0.94	0.38	"K|3|V"
113	"Amber"	471.531	3770	0.6	0.84	0.43	"K|7|V"
2004	"Pec"	273.978	3865	0.6	0.91	0.19	"K|1|V"
2239	"Sargasso"	344.965	3041	0.1	0.5	0.06	"M|3|V"
789	"Elidere"	290.068	2685	0.1	0.5	0.04	"M|5|V"
72	"Alhena"	83.739	3746	0.5	0.8	0.13	"K|5|V"
1569	"Malacca"	516.353	5746	1	0.98	0.68	"G|2|V"
2469	"Talitha"	48.665	3948	0.8	0.79	0.42	"K|5|V"
3108	"Death's Gaze Cluster"	1777.081	2558	0.1	0.2	0.02	"M|7|V"
1206	"Ipava"	279.78	2875	0.2	0.49	0.02	"M|5|V"
940	"Gatchina"	400.662	2571	0.1	0.58	0.04	"M|5|V"
2355	"Skvorec"	345.985	3032	0.4	0.48	0.07	"M|4|V"
3011	"Haublan"	614.137	2451	0.3	0.17	0.02	"M|5|V"
1100	"Herotitus"	434.101	3337	0.2	0.62	0.07	"M|0|V"
2008	"Penobscot"	336.077	5278	1	1.02	1.26	"G|5|V"
1961	"Outer Volta"	353.846	5607	0.9	1.14	1.34	"G|2|V"
878	"Fjernet"	468.304	3236	0.3	0.17	0.05	"M|2|V"
1163	"Hyner"	386.358	3076	0.3	0.16	0.03	"M|2|V"
2365	"Snailzar"	103.581	3779	0.6	0.78	0.13	"K|5|V"
2624	"Ulysses"	413.701	3570	0.3	0.63	0.04	"M|0|V"
2522	"Teylingen"	434.567	3776	0.5	0.76	0.4	"K|7|V"
2755	"Wildwood"	490.889	2551	0.1	0.65	0.02	"M|5|V"
3124	"Star Cluster 752"	1375.885	5261	0.9	1.1	0.73	"G|4|V"
1321	"Kek"	185.746	2861	0.2	0.65	0.03	"M|5|V"
1208	"Irece"	344.391	3945	0.5	0.89	0.42	"K|7|V"
2055	"Portland"	516.729	3018	0.4	0.39	0.02	"M|4|V"
332	"Bismarck"	361.105	3851	0.6	0.9	0.58	"K|2|V"
1169	"Ichmandu"	531.714	3899	0.5	0.91	0.39	"K|7|V"
511	"Chaffee"	126.066	2557	0.1	NA	0.04	"M|5|V"
3134	"Fylovar"	672.878	3732	0.6	0.8	0.56	"K|0|V"
2484	"Tannil"	134.807	2441	0.4	0.19	0.08	"M|1|V"
835	"Ewanrigg"	438.255	2507	0.2	0.52	0.03	"M|2|V"
66	"Alfirk"	743.454	2729	0.1	0.37	0.02	"M|2|V"
1719	"Mirach"	112.104	2545	0.3	0.65	0.05	"M|3|V"
1034	"Hainfeld"	268.861	4154	0.6	0.82	0.26	"K|6|V"
1263	"Josselin"	374.936	5523	1	1.06	1.02	"G|2|V"
552	"Choudrant"	340.676	2919	0.1	0.38	0.03	"M|0|V"
1159	"Hustaing"	251.749	5483	0.9	1.01	0.99	"G|2|V"
2555	"Tishomingo"	318.983	4436	0.6	0.89	0.24	"K|2|V"
3099	"Helvetia"	994.56	2457	0.2	0.11	0.06	"M|8|V"
1373	"Klamriz"	206.093	5349	0.8	1.06	1.07	"G|5|V"
829	"Euschelus"	480.108	2676	0.2	0.29	0.08	"M|4|V"
68	"Algedi"	115.663	2954	0.1	0.13	0.01	"M|5|V"
1918	"Oceana"	144.843	2402	0.2	0.52	0.06	"M|5|V"
280	"Bayis"	303.857	5561	0.9	1.08	0.83	"G|4|V"
2927	"Úr Cruinne"	472.184	3279	0.1	0.37	0.07	"M|2|V"
743	"Drosendorf"	262.269	3901	0.6	0.89	0.36	"K|5|V"
164	"Arcadia"	268.762	3997	0.7	0.84	0.29	"K|4|V"
1036	"Halesowen"	254.35	4359	0.8	NA	0.18	"K|2|V"
2361	"Smithon"	450.783	2524	0.2	0.49	0.01	"M|0|V"
1998	"Paulus Prime"	485.685	2947	0.2	0.41	0.05	"M|2|V"
1632	"Mavegh"	464.253	3724	0.7	0.77	0.56	"K|3|V"
2784	"Xanthe"	337.454	4782	0.5	0.77	0.28	"K|2|V"
1170	"Ictus"	578.076	3184	0.4	NA	0.05	"M|3|V"
2733	"Wedderborg"	479.88	3919	0.8	0.88	0.54	"K|5|V"
3098	"Halkidik"	1002.899	2686	0.2	0.45	0.04	"M|3|V"
799	"Emerson"	206.859	5646	1	1	0.68	"G|2|V"
1083	"Helen"	58.324	2572	0.1	0.44	0.05	"M|6|V"
1214	"Isfahan"	488.312	4190	0.5	0.93	0.52	"K|5|V"
2171	"Romita"	434.714	5233	0.8	1.08	1.08	"G|2|V"
2098	"Quimper"	449.443	2462	0.2	0.56	0.04	"M|2|V"
737	"Dowles"	238.18	3864	0.5	0.75	0.57	"K|7|V"
2756	"Wilkes"	346.179	3142	0.3	0.11	NA	"M|2|V"
319	"Bex"	56.242	2530	0.3	0.63	0.03	"M|5|V"
1971	"Palladaine"	287.995	4047	0.8	0.75	0.26	"K|6|V"
338	"Blackjack"	396.772	4467	0.7	0.75	0.3	"K|3|V"
880	"Flaum"	453.727	3791	0.7	0.8	0.59	"K|2|V"
2974	"Castile"	1288.895	4216	0.8	0.74	0.56	"K|0|V"
1025	"Gypsum"	282.695	2504	0.3	0.09	0.04	"M|1|V"
827	"Etiler"	427.385	2818	0.3	0.35	0.07	"M|3|V"
2572	"Tottori"	505.695	2712	0.1	0.28	0.02	"M|5|V"
751	"Dumassas"	536.142	2518	0.2	0.26	0.03	"M|1|V"
1738	"Mokane"	427.644	3868	0.7	0.7	0.18	"K|5|V"
425	"Byesville"	360.972	2629	0.4	0.41	0.04	"M|1|V"
989	"Graham"	25.717	3910	0.7	0.71	0.25	"K|5|V"
2999	"Köningsberg"	1228.04	4363	0.6	0.85	0.49	"K|3|V"
2990	"Elbing"	1167.529	2633	0.2	0.25	0.02	"M|0|V"
9	"Abiy Adi"	470.19	2511	0.4	NA	0.06	"M|7|V"
1510	"Loikaw"	755.668	3426	0.3	0.49	0.06	"M|1|V"
1937	"Oligar"	285.327	3741	0.6	0.79	0.36	"K|2|V"
162	"Aquileia"	92.735	2470	0.2	0.13	0.01	"M|5|V"
505	"Ceram"	546.033	2882	0.3	NA	0.01	"M|5|V"
106	"Altoona"	550.585	4990	0.8	0.75	NA	"K|0|V"
430	"Caesaera"	426.318	4386	0.7	0.81	0.16	"K|2|V"
1435	"La Blon"	79.491	2516	0.2	0.33	0.04	"M|2|V"
2392	"St. John"	401.099	3875	0.7	0.78	0.28	"K|1|V"
1910	"Numki"	206.969	3302	0.3	0.41	0.02	"M|0|V"
1158	"Huron"	323.203	3000	0.2	0.23	0.03	"M|4|V"
1814	"New Aragon"	112.307	2976	0.4	0.32	0.06	"M|5|V"
1451	"Lande"	508.116	5405	0.9	1.11	0.68	"G|4|V"
74	"Alkaid"	105.182	5622	0.9	0.97	1.15	"G|4|V"
1609	"Marik"	109.575	4185	0.5	0.82	0.4	"K|2|V"
1846	"New Roland"	401.342	4163	0.8	0.77	0.53	"K|3|V"
1565	"Maia"	387.893	2671	0.4	0.22	0.05	"M|5|V"
2458	"Syrma"	69.909	2765	0.3	0.65	NA	"M|6|V"
2546	"Timbiqui"	338.95	2832	0.1	0.42	0.02	"M|5|V"
2965	"Tiber"	1878.865	2556	0.4	NA	0.07	"M|3|V"
4	"Abagnar"	493.649	4639	0.7	NA	0.23	"K|2|V"
2408	"Sterling"	204.247	2910	0.1	0.54	0.03	"M|5|V"
513	"Chahar"	394.275	5332	0.9	1.04	1.3	"G|5|V"
2754	"Whittington"	150.419	2515	0.3	0.63	0.07	"M|2|V"
191	"Ashburton"	298.293	2645	0.4	0.6	0.04	"M|3|V"
1002	"Green Stone"	413.714	2975	0.3	0.26	0.07	"M|0|V"
3163	"Pyrrhus"	491.769	4113	0.7	0.84	0.23	"K|6|V"
713	"Diefenbaker"	394.875	2746	0.3	0.32	0.03	"M|1|V"
177	"Arluna"	436.74	2906	0.2	0.21	0.06	"M|5|V"
810	"Enzesfled"	401.763	3149	0.4	0.4	0.02	"M|2|V"
2132	"Reisling's Planet"	193.365	5558	0.8	1.03	0.71	"G|4|V"
553	"Chouli"	334.009	4169	0.5	0.77	0.32	"K|0|V"
2616	"Uhuru"	139.622	2956	0.3	0.22	0.02	"M|4|V"
1262	"Joshua"	638.782	3261	0.3	0.24	0.03	"M|3|V"
1468	"Laurieston"	141.779	5338	1	0.98	0.91	"G|5|V"
637	"Cussar"	185.663	2865	0.1	0.33	0.06	"M|1|V"
395	"Brisbane"	427.829	4889	0.8	0.94	0.39	"K|0|V"
1864	"Nexus Ri"	466.121	5759	1	0.97	1.27	"G|2|V"
2024	"Piedmont"	111.134	2813	0.1	0.7	0.06	"M|3|V"
956	"Ginestra"	197.259	4718	0.7	0.79	0.6	"K|2|V"
2080	"Purvo"	265.626	2469	0.2	0.35	0.07	"M|8|V"
2290	"Shalaine"	544.863	2537	0.3	0.54	0.04	"M|3|V"
350	"Blumenort"	362.623	3032	0.2	0.42	0.02	"M|2|V"
2277	"Sendai"	177.645	2845	0.3	0.13	0.06	"M|3|V"
2677	"Vermezzo"	396.42	2432	0.4	0.44	0.05	"M|3|V"
1425	"Kurragin"	203.261	3051	0.1	0.46	0.07	"M|2|V"
1862	"Newton"	318.878	3438	0.4	0.66	0.02	"M|0|V"
3028	"Salonika"	1067.065	3864	0.7	0.75	0.57	"K|5|V"
3131	"Carcri"	710.395	3103	0.4	NA	0.04	"M|2|V"
1732	"Mizunami"	416.294	3825	0.6	0.93	0.12	"K|4|V"
2587	"Trolloc Prime"	174.345	4319	0.6	0.87	0.36	"K|5|V"
1307	"Kaumberg"	413.871	3262	0.3	0.64	NA	"M|1|V"
727	"Dol"	282.033	5606	0.8	1.1	0.75	"G|2|V"
2581	"Trentham"	462.809	2623	0.4	0.59	0.04	"M|2|V"
1323	"Kelenfold"	206.356	2688	0.3	0.56	0.01	"M|2|V"
2130	"Reinbak"	534.192	3030	0.4	0.69	0.04	"M|2|V"
1098	"Hermagor"	389.709	4452	0.6	0.76	0.41	"K|3|V"
1341	"Khi"	245.709	3968	0.6	0.81	0.58	"K|3|V"
2914	"Mirfak"	614.749	2456	0.2	0.42	0.08	"M|2|V"
2063	"Pressby"	215.809	2736	0.1	0.57	0.07	"M|2|V"
527	"Chaumont"	360.996	3065	0.2	0.56	0.05	"M|3|V"
2699	"Voehn"	630.055	5485	1	1.09	0.77	"G|5|V"
2326	"Sialkot"	542.589	3719	0.7	0.94	0.25	"K|5|V"
2114	"Ramgarh"	451.79	5607	1	1.15	1.09	"G|2|V"
652	"Dalmantia"	277.007	2766	0.4	0.58	0.06	"M|4|V"
221	"Avon"	292.275	2725	0.4	0.58	0.02	"M|3|V"
685	"Delphos"	323.952	2843	0.3	0.44	0.06	"M|2|V"
593	"Cor Caroli"	64.191	2761	0.2	0.54	0.06	"M|6|V"
3008	"Visby"	1098.304	3774	0.7	0.85	0.43	"K|5|V"
702	"Deweidewd"	302.883	2984	0.2	0.1	0.02	"M|3|V"
176	"Arlington"	234.954	2610	0.1	0.18	0.03	"M|5|V"
2680	"Viborg"	472.097	4207	0.7	0.87	0.52	"K|2|V"
1119	"Hobson"	355.699	2740	0.3	0.62	0.05	"M|4|V"
1374	"Klathan"	178.057	2470	0.4	0.57	0.03	"M|5|V"
3106	"Beehive Cluster"	816.864	2639	0.3	0.35	0.02	"M|4|V"
2059	"Prato"	404.055	3106	0.1	0.15	0.03	"M|2|V"
2434	"Summerstide"	551.739	5491	0.9	1.1	1.05	"G|2|V"
2470	"Tall Trees"	66.747	3701	0.6	0.88	0.33	"K|6|V"
2840	"Zindao"	263.598	3161	0.1	0.63	0.02	"M|2|V"
2502	"Taygeta"	356.059	3854	0.7	0.92	0.59	"K|3|V"
354	"Bodnath"	303.338	3062	0.1	0.55	0.02	"M|1|V"
2102	"Qurayyat"	462.046	3907	0.5	0.85	0.31	"K|3|V"
962	"Glabach"	456.417	5450	0.9	0.97	1.31	"G|5|V"
1411	"Kreller"	357.934	5359	NA	1.04	0.73	"G|2|V"
1628	"Mattisskogen"	366.096	2505	0.4	0.26	0.06	"M|3|V"
1466	"Laureles"	224.82	3055	0.2	0.54	0.06	"M|4|V"
1473	"Leganes"	178.124	2981	0.4	0.19	0.02	"M|1|V"
146	"Antares"	322.867	3263	0.2	NA	0.06	"M|3|V"
2094	"Quiberas"	499.087	2444	0.4	0.2	0.07	"M|1|V"
2693	"Vipaava"	375.662	2839	0.2	0.48	0.03	"M|4|V"
2689	"Viluisk"	557.1	2747	0.4	0.08	0.03	"M|1|V"
893	"Ford"	193.561	2618	0.4	0.64	0.05	"M|2|V"
1715	"Minnacora"	187.311	5653	1	1.02	1.32	"G|2|V"
1656	"Meghy"	541.865	2921	0.2	0.27	0.06	"M|5|V"
1532	"Ludwig"	179.422	5623	0.9	1.07	1.19	"G|2|V"
1084	"Heliat"	501.374	4420	0.6	0.92	0.27	"K|3|V"
2909	"Lastpost"	719.1	3743	0.5	0.74	0.38	"K|7|V"
1286	"Kamenz"	311.182	3131	0.1	0.13	0.07	"M|3|V"
3121	"Rim Worlds Republic Outpost #11"	1635.14	5720	0.9	1.04	0.84	"G|2|V"
1250	"Jesup"	514.985	2762	NA	0.34	0.06	"M|1|V"
1382	"Kobe"	281.853	4240	0.6	0.89	0.44	"K|5|V"
347	"Blue Sava"	74.657	2984	0.3	0.2	0.03	"M|2|V"
1048	"Hammer"	396.507	2704	0.3	0.28	0.03	"M|4|V"
1929	"Okaya"	115.363	3940	0.6	0.79	0.17	"K|3|V"
1853	"New Sumatra"	153.524	3740	0.5	0.88	0.54	"K|5|V"
719	"Dindatari"	466.713	4842	0.5	0.86	0.09	"K|2|V"
1090	"Helm"	145.742	2608	0.3	0.26	0.03	"M|6|V"
1972	"Palladix"	475.111	2675	0.4	0.52	0.01	"M|7|V"
1926	"Ogilvie"	303.593	4062	0.6	0.73	0.58	"K|5|V"
1641	"McComb"	229.639	2714	0.2	0.4	0.06	"M|1|V"
2891	"Cogdell"	540.747	3937	0.8	0.86	0.58	"K|3|V"
2478	"Tangerz"	190.998	2788	0.3	0.07	0.02	"M|5|V"
2997	"Kampen"	1170.539	3325	0.3	0.52	0.07	"M|2|V"
2235	"Sappho"	247.99	2790	0.1	0.65	0.07	"M|4|V"
18	"Achnoly"	669.139	4450	0.7	0.85	NA	"K|2|V"
2512	"Tematagi"	380.055	2610	0.4	0.33	0.02	"M|6|V"
2976	"Galicia"	1322.66	3123	0.2	0.09	0.06	"M|0|V"
1020	"Gunzburg"	290.51	5496	0.8	1.03	1.09	"G|4|V"
921	"Galisteo"	363.119	2940	0.1	0.31	0.06	"M|3|V"
1157	"Hurik"	403.869	2598	0.2	0.62	0.07	"M|2|V"
1450	"Lancaster"	290.106	2414	0.1	0.5	0.05	"M|7|V"
352	"Boardwalk"	198.058	3011	0.1	0.35	0.07	"M|3|V"
207	"Aubisson"	146.58	2458	0.2	0.29	0.07	"M|3|V"
90	"Alpheratz"	525.519	4117	0.5	0.74	0.33	"K|6|V"
370	"Borghese"	224.961	2939	0.4	0.33	0.02	"M|5|V"
475	"Caripare"	326.181	3323	0.4	0.46	0.07	"M|2|V"
796	"Eltanin"	99.363	3028	0.3	0.22	0.07	"M|1|V"
1790	"Nai-Stohl"	72.411	4744	0.8	NA	0.2	"K|0|V"
482	"Carnwath"	103.787	4779	0.6	0.87	0.42	"K|2|V"
179	"Armington"	518.984	3833	0.7	0.93	0.21	"K|6|V"
3025	"Kinbrace"	950.161	4169	0.7	0.87	0.26	"K|6|V"
786	"Electra"	387.669	2600	0.2	0.64	0.02	"M|5|V"
2386	"Spirit"	251.914	3139	0.3	0.52	0.03	"M|2|V"
3061	"Star Cluster 814"	1117.108	2925	0.3	0.6	0.01	"M|5|V"
943	"Gei-Fu"	207.247	5491	0.9	1.06	1.44	"G|2|V"
2388	"St. Andre"	120.166	2583	0.2	0.21	0.02	"M|4|V"
579	"Coloma"	296.543	2581	0.3	0.67	0.03	"M|6|V"
2101	"Quittacas"	270.647	2406	0.4	0.61	0.06	"M|5|V"
195	"Aspropirgos"	398.767	3064	0.2	0.25	NA	"M|2|V"
1136	"Hornir's Keep"	260.551	5281	0.9	1	1.07	"G|2|V"
1076	"Hechnar"	31.041	3759	0.7	0.94	0.23	"K|0|V"
748	"Dubhe"	72.383	2745	0.2	0.24	0.02	"M|6|V"
2311	"Shimonoseki"	326.851	4632	0.6	0.74	0.37	"K|2|V"
2826	"Zebebelgenubi"	70.604	2602	0.4	0.16	0.01	"M|4|V"
251	"Bandora"	177.856	2745	0.4	0.46	0.01	"M|5|V"
2675	"Vereeniging"	448.35	5615	1	1.12	1.2	"G|2|V"
248	"Baltar"	608.476	2569	0.2	0.12	0.04	"M|2|V"
323	"Bicester"	272.122	5579	0.8	1.04	0.91	"G|2|V"
2144	"Repulse"	397.433	2973	0.4	0.08	0.05	"M|3|V"
194	"Ashley"	349.468	2467	0.2	0.23	0.07	"M|2|V"
2728	"Waxell"	332.347	2755	0.2	NA	0.06	"M|6|V"
2771	"Wonju"	492.495	2819	0.1	0.25	0.07	"M|5|V"
1021	"Gurnet"	249.28	2480	0.3	0.58	0.02	"M|6|V"
586	"Connaught"	67.654	2470	0.2	0.48	0.01	"M|0|V"
909	"Furillo"	158.006	3287	0.1	0.11	0.03	"M|1|V"
2011	"Perdition"	470.573	4404	0.7	0.89	0.33	"K|2|V"
1455	"Langhorne"	486.118	5272	0.8	1.11	0.97	"G|2|V"
2865	"Islington"	532.028	2499	0.1	0.17	0.07	"M|8|V"
2358	"Slewis"	522.372	5357	0.8	1.08	1.19	"G|5|V"
655	"Damian"	465.041	2615	0.3	0.64	0.07	"M|3|V"
2844	"Zolfo"	532.199	2696	0.4	0.36	0.07	"M|2|V"
2533	"Thimphu"	449.619	3686	0.4	0.53	0.07	"M|0|V"
2777	"Wrentham"	367.535	3144	0.2	0.32	0.04	"M|3|V"
421	"Butler"	395.927	5449	0.9	0.97	0.84	"G|2|V"
2878	"Suetonius"	514.692	2518	0.1	0.55	0.07	"M|6|V"
2942	"Gatekeeper"	1779.517	2700	0.4	0.58	0.03	"M|5|V"
333	"Bithinia"	179.451	2683	0.3	0.2	0.06	"M|7|V"
2678	"Versailles"	222.488	2707	0.2	0.67	0.06	"M|1|V"
1551	"Machida"	402.127	2442	0.2	0.48	0.06	"M|3|V"
415	"Budingen"	415.219	2921	0.4	0.37	0.04	"M|3|V"
2401	"Star's End"	440.098	4000	0.6	0.87	0.34	"K|7|V"
2671	"Ventabren"	123.392	3371	NA	0.44	0.02	"M|1|V"
1550	"Machapuchre"	528.899	3191	0.4	0.54	0.02	"M|3|V"
3010	"Chaine Cluster"	615.431	3728	0.5	0.86	0.47	"K|5|V"
2289	"Shahr Kord"	431.611	2664	0.3	0.23	0.05	"M|1|V"
1217	"Issaba"	485.388	2889	0.3	0.21	0.07	"M|5|V"
1770	"Mumbai"	250.209	2553	0.4	0.64	0.05	"M|2|V"
1743	"Monhegan"	217.623	5482	0.8	0.99	1.33	"G|3|V"
1505	"Lockton"	453.745	3101	0.3	0.52	0.03	"M|2|V"
2902	"Fronc"	517.355	2809	0.2	0.5	0.07	"M|1|V"
3173	"Winston"	1317.673	2560	0.2	0.5	0.02	"M|5|V"
2086	"Qarahta"	405.456	2690	0.1	0.53	0.03	"M|5|V"
1827	"New Exford"	279.265	3898	0.6	0.7	0.5	"K|5|V"
2683	"Vicksland"	287.646	3725	0.6	0.75	0.16	"K|1|V"
2574	"Towne"	69.721	3977	0.7	0.9	0.5	"K|6|V"
1643	"McHenry"	198.33	3283	0.2	0.49	0.04	"M|1|V"
1619	"Marshdale"	368.265	3050	0.1	0.52	0.07	"M|2|V"
3100	"Hibernia"	992.235	2708	0.3	0.44	0.04	"M|4|V"
1673	"Menion"	436.558	2493	0.3	0.21	0.07	"M|6|V"
2625	"Umgard"	437.137	2914	0.3	0.21	0.01	"M|4|V"
1555	"Macksburg"	439.435	3001	0.2	0.38	0.02	"M|0|V"
2873	"New St. Andrews"	524.267	2569	0.1	0.33	0.07	"M|5|V"
1443	"Laconis"	421.364	3273	0.4	0.69	0.03	"M|1|V"
803	"Enders Cluster"	452.549	4752	0.6	0.94	0.54	"K|2|V"
2256	"Scheat"	173.645	2555	0.3	0.26	0.03	"M|3|V"
426	"Cabanatuan"	535.102	3518	0.4	0.43	0.03	"M|1|V"
711	"Dicon"	325.864	4558	0.7	0.76	0.25	"K|3|V"
154	"Apinzel"	462.096	4884	0.7	0.82	0.6	"K|1|V"
747	"Duantia"	344.895	4758	0.8	0.96	NA	"K|2|V"
112	"Ambatomainty"	722.916	3084	0.2	0.26	0.06	"M|0|V"
1635	"Mayenne"	598.071	4860	0.7	0.77	0.43	"K|2|V"
1364	"Kirkvåg"	323.62	2874	0.3	0.11	0.03	"M|3|V"
1271	"Junior"	399.621	4140	0.5	0.89	0.16	"K|3|V"
282	"Beauvais"	540.24	4032	0.5	0.83	0.09	"K|6|V"
1541	"Luxen"	504.406	5513	0.8	1	0.69	"G|5|V"
1049	"Handa"	308.644	3311	0.4	0.35	0.06	"M|2|V"
137	"Angra"	532.012	3220	0.1	0.11	0.01	"M|2|V"
1319	"Keid"	10.59	4438	0.5	0.74	0.57	"K|1|V"
2816	"Zangul"	419.935	4325	0.8	0.84	0.53	"K|0|V"
636	"Cursa"	352.409	3687	0.2	0.13	0.03	"M|0|V"
2450	"Swales"	304.372	4119	0.8	NA	0.39	"K|3|V"
643	"Cyrton"	500.424	2810	0.4	0.13	0.03	"M|5|V"
346	"Blue Hole"	395.479	4094	0.7	0.82	0.19	"K|3|V"
1019	"Gunthar"	385.132	2758	0.3	0.69	0.05	"M|5|V"
2644	"Valabhi"	478.969	3296	0.4	0.19	0.01	"M|2|V"
948	"Ghorepani"	406.613	4162	0.8	0.92	0.48	"K|3|V"
847	"Falsterbo"	225.756	3338	0.3	0.33	0.06	"M|1|V"
1181	"Illiushin"	450.474	2472	0.2	0.65	0.06	"M|7|V"
209	"August"	169.534	2412	0.3	0.29	0.03	"M|5|V"
2072	"Procyon"	12.159	2537	0.1	0.43	0.04	"M|8|V"
1252	"Jiddah"	365.767	2446	0.1	0.22	0.07	"M|5|V"
872	"Finmark"	524.52	4319	0.5	0.78	0.6	"K|2|V"
2635	"Uravan"	274.551	3892	0.7	0.89	0.42	"K|5|V"
2687	"Vikindu"	289.802	2751	0.2	0.59	0.03	"M|5|V"
1592	"Mannedorf"	232.161	4128	0.8	0.7	0.28	"K|3|V"
1863	"Newtown Square"	454.59	3726	0.7	0.72	0.48	"K|5|V"
2026	"Pietermaritzburg"	347.665	5212	0.9	1.14	0.67	"G|5|V"
3145	"Contrilla"	498.385	4470	0.5	0.72	0.42	"K|0|V"
1417	"Krung Thep"	438.224	2793	0.4	0.2	0.04	"M|5|V"
2396	"Stanley"	428.409	2803	0.2	0.37	0.07	"M|0|V"
2209	"Sakai"	233.195	4224	0.7	0.89	0.51	"K|2|V"
2977	"Granada"	1344.231	2567	0.2	0.21	0.03	"M|5|V"
2765	"Winter"	460.895	3154	0.4	0.59	0.05	"M|3|V"
204	"Atria"	54.082	5809	0.9	0.97	1.04	"G|2|V"
2344	"Sinope"	429.558	2424	0.2	0.45	0.08	"M|7|V"
99	"Altdorf"	353.928	4541	0.5	0.79	0.4	"K|3|V"
919	"Galax"	309.773	3110	0.4	0.11	0.06	"M|2|V"
923	"Gallery"	225.874	2455	0.4	0.39	0.02	"M|5|V"
2416	"Stonarboi"	325.195	3244	0.2	0.14	0.07	"M|2|V"
2660	"Vantaa"	358.933	2526	0.2	0.52	NA	"M|3|V"
1581	"Mandal"	56.662	4000	0.6	0.92	0.46	"K|7|V"
1749	"Montmarault"	269.672	2506	0.1	0.55	0.07	"M|1|V"
2281	"Sentarus"	567.858	3069	0.3	0.64	0.05	"M|4|V"
554	"Christiania"	366.425	4130	0.6	0.79	0.43	"K|2|V"
2702	"Vorarlberg"	304.652	2771	0.1	0.2	0.06	"M|2|V"
704	"Dhaulgiri"	311.533	2405	0.3	0.62	0.02	"M|7|V"
2900	"Farstar"	606.022	2641	0.2	0.28	0.03	"M|2|V"
2515	"Teniente"	359.19	5206	0.8	1.11	1.35	"G|5|V"
1080	"Heiligendreuz"	277.852	3165	0.1	0.1	0.03	"M|2|V"
1480	"Les Halles"	191.978	2935	0.2	0.43	0.03	"M|3|V"
2910	"Manaringaine"	518.937	2537	0.1	0.42	0.02	"M|8|V"
606	"Corydon"	220.061	5249	0.9	1	0.78	"G|2|V"
889	"Flynn"	663.056	2859	0.2	0.2	0.06	"M|5|V"
736	"Dover"	241.061	2409	0.4	0.12	0.07	"M|6|V"
2737	"Weingarten"	300.951	2831	0.4	0.34	0.08	"M|2|V"
2009	"Pentvar"	328.657	4012	0.6	0.71	0.16	"K|5|V"
3018	"Bazaar"	755.254	2885	0.4	0.66	0.04	"M|2|V"
1485	"Leyda"	354.159	2446	0.2	0.12	0.06	"M|2|V"
1832	"New Hati"	697.451	2531	0.4	0.43	0.05	"M|2|V"
2598	"Tuamotu"	299.675	4363	0.5	0.83	0.58	"K|2|V"
1748	"Monthey"	507.606	2572	0.4	0.56	0.03	"M|0|V"
1301	"Kashilla"	201.159	3801	0.7	0.85	0.35	"K|2|V"
82	"Almach"	118.119	2448	0.2	0.67	0.01	"M|5|V"
270	"Bassfield"	588.852	3802	0.6	0.82	0.25	"K|5|V"
2331	"Sierra"	426.148	4065	0.7	0.76	0.42	"K|2|V"
1151	"Humansville"	553.836	2752	0.1	NA	0.03	"M|3|V"
1887	"Noisiel"	342.071	5291	0.8	1.06	0.68	"G|5|V"
16	"Accrington"	145.319	2418	0.1	0.68	0.06	"M|4|V"
1276	"Kaguyak"	379.567	5280	0.9	1.06	1.19	"G|5|V"
926	"Galtor"	207.431	2533	0.2	0.53	0.02	"M|0|V"
2913	"Micros"	564.446	3763	0.7	0.86	0.19	"K|7|V"
1859	"New Wessex"	114.107	4276	0.8	0.89	0.28	"K|2|V"
3003	"Riga"	1218.727	3481	0.2	0.12	0.05	"M|0|V"
1763	"Morthac"	475.834	4023	0.6	0.85	0.44	"K|7|V"
2829	"Zebuluraskai"	671.835	3141	0.2	0.54	0.06	"M|3|V"
1471	"Leamington"	365.139	4090	0.5	0.73	0.44	"K|5|V"
2918	"Porthos"	484.398	3284	0.1	0.11	0.02	"M|1|V"
2268	"Sebha"	590.961	4053	0.7	0.93	0.36	"K|2|V"
2956	"Paxon"	1880.977	2841	0.1	0.6	NA	"M|3|V"
93	"Alsek"	395.369	4050	0.8	0.81	0.23	"K|3|V"
680	"Delagoa"	562.208	3755	0.6	0.94	0.09	"K|7|V"
2857	"Algenib"	579.783	5522	NA	1.14	1.01	"G|2|V"
2445	"Svalstad"	525.709	2758	0.1	0.39	0.01	"M|3|V"
174	"Arkab"	215.16	3059	0.1	0.44	0.04	"M|3|V"
202	"Atreus"	251.654	5349	1	1.08	1.48	"G|5|V"
2736	"Wei"	135.207	3106	0.1	0.42	0.06	"M|0|V"
2827	"Zebeneschamali"	119.098	2900	0.1	0.54	NA	"M|5|V"
925	"Gallitzin"	209.777	2534	0.2	0.53	0.07	"M|8|V"
532	"Chennai"	374.326	2492	0.3	0.29	0.05	"M|2|V"
335	"Bjarred"	475.666	3357	0.3	0.65	0.05	"M|1|V"
47	"Akfata"	420.516	2765	0.3	0.13	0.03	"M|2|V"
2715	"Wallacia"	270.573	5435	1	0.97	0.76	"G|5|V"
2295	"Shasta"	241.161	3222	0.3	0.56	NA	"M|1|V"
3079	"Interstellar Expeditions Base #6"	1297.62	3235	0.1	0.35	0.03	"M|3|V"
1401	"Koskenkorva"	520.55	2821	0.4	0.33	0.07	"M|1|V"
3114	"Knechee"	1888.354	2431	0.2	0.34	0.05	"M|5|V"
10	"Aboukir"	509.023	2580	0.2	0.19	0.05	"M|7|V"
2419	"Strandfontein"	451.661	2571	0.3	0.24	0.06	"M|3|V"
1490	"Lima"	241.842	2913	0.4	0.56	0.07	"M|3|V"
508	"Cerillos"	378.712	2447	0.4	0.69	0.02	"M|5|V"
2656	"Vanern"	212.742	2554	0.4	0.38	0.07	"M|4|V"
2851	"Zvolen"	248.425	2467	0.1	0.5	0.08	"M|3|V"
1437	"La Ligua"	786.129	2440	NA	0.65	0.02	"M|3|V"
1209	"Irian"	73.114	2412	0.4	0.39	0.05	"M|0|V"
1884	"Nockatunga"	294.042	2407	0.3	0.46	0.02	"M|6|V"
3102	"Lemnos"	1009.009	4150	0.8	0.81	0.27	"K|6|V"
1513	"Lone Star"	50.631	3126	0.2	NA	0.01	"M|2|V"
2317	"Shira"	739.367	2446	0.2	0.29	0.05	"M|5|V"
2524	"Thamel"	415.771	2618	0.4	0.5	0.04	"M|4|V"
600	"Coriscana"	217.338	5405	1	1.1	0.88	"G|4|V"
510	"Ceuta"	574.553	2475	0.2	0.48	0.07	"M|7|V"
328	"Binyang"	371.027	4256	0.8	0.72	0.59	"K|5|V"
2223	"Samantha"	430.124	5503	0.9	1	0.91	"G|5|V"
1949	"Orkney"	239.9	2443	0.2	0.08	0.05	"M|6|V"
2497	"Tatsuno"	256.6	5640	1	1.1	0.99	"G|2|V"
161	"Aquavita"	302.529	2993	0.4	0.17	0.01	"M|3|V"
1685	"Mermentau"	522.843	2514	0.3	0.26	0.04	"M|1|V"
804	"Engadin"	337.095	2694	0.2	0.25	0.07	"M|5|V"
2707	"Vulture's Nest"	481.93	3345	0.4	0.61	0.05	"M|2|V"
246	"Ballynure"	259.651	3081	0.1	0.31	NA	"M|3|V"
1765	"Mosiro"	288.201	3831	0.5	0.95	0.53	"K|5|V"
612	"Courtney"	283.773	3706	0.7	0.77	0.32	"K|6|V"
2934	"Radulov"	1604.186	2578	0.2	0.44	0.03	"M|3|V"
720	"Diosd"	230.539	2688	0.4	0.61	NA	"M|6|V"
151	"Aodh"	199.42	4222	0.7	0.7	0.1	"K|5|V"
136	"Angol"	96.073	3248	0.4	0.15	0.03	"M|0|V"
2801	"Yongd"	329.086	3892	NA	0.73	0.23	"K|7|V"
2761	"Windsor"	390.421	2710	0.1	0.2	0.01	"M|6|V"
305	"Beowulf"	522.195	4735	0.7	0.87	0.22	"K|2|V"
2252	"Savonburg"	498.346	5311	1	1.15	1.47	"G|5|V"
53	"Albalii"	105.922	2839	0.3	0.38	0.01	"M|5|V"
1189	"Immenstadt"	289.855	2893	0.2	0.64	0.05	"M|3|V"
3051	"Gurgaldar"	1413.278	2671	0.3	0.08	0.04	"M|1|V"
487	"Carver"	21.423	4348	0.6	0.75	0.51	"K|3|V"
2423	"Sturganos"	373.577	2432	0.2	0.53	0.02	"M|4|V"
2972	"Aragon"	1310.844	3580	0.2	0.52	0.08	"M|0|V"
1162	"Hyde"	162.376	2513	0.2	0.36	0.04	"M|3|V"
591	"Cooperland"	626.985	3177	0.2	0.13	0.03	"M|2|V"
214	"Austerlitz"	530.094	3183	0.4	0.66	0.06	"M|3|V"
67	"Algate"	497.709	2522	0.3	0.23	0.04	"M|3|V"
2992	"Gateway"	965.99	2719	0.2	0.1	0.02	"M|5|V"
1145	"Hsien"	54.63	2418	0.4	0.45	0.07	"M|6|V"
1500	"Listowel"	164.652	3187	0.1	0.61	0.01	"M|1|V"
1780	"Muswell"	291.781	2436	0.3	0.69	0.02	"M|1|V"
2605	"Turov"	387.029	2633	0.3	0.29	0.07	"M|7|V"
2439	"Sunnywood"	405.398	2870	0.2	0.2	0.03	"M|4|V"
1333	"Kervil"	57.241	2526	0.3	0.69	0.02	"M|7|V"
2104	"Radlje"	381.223	4141	0.6	0.86	0.54	"K|6|V"
2676	"Verlo"	319.287	3891	0.7	0.74	0.09	"K|3|V"
1423	"Kupang"	563.943	4150	0.6	0.81	0.56	"K|4|V"
142	"Annapolis"	210.25	4056	0.5	0.93	0.33	"K|5|V"
1979	"Panpour"	450.36	4061	0.8	0.95	0.45	"K|0|V"
1057	"Harminous"	481.747	2741	0.2	0.55	0.04	"M|1|V"
2554	"Tiruppur"	346.676	2550	0.2	0.66	0.03	"M|2|V"
1958	"Ottumwa"	399.975	2562	0.1	0.58	0.04	"M|5|V"
1571	"Malaga"	577.046	4152	0.5	0.96	0.29	"K|0|V"
59	"Aldebaran"	69.028	3866	0.7	0.72	0.13	"K|5|V"
2692	"Vintru"	197.41	2565	0.2	0.57	0.01	"M|5|V"
94	"Alshain"	284.884	4121	0.6	NA	0.33	"K|0|V"
206	"Atzenbrugg"	416.882	2508	0.4	0.47	0.02	"M|4|V"
2832	"Zelski"	536.198	2530	0.2	0.48	0.06	"M|3|V"
36	"Afarsin"	428.482	2756	0.4	0.49	0.03	"M|4|V"
2569	"Tortuga Prime"	704.53	4875	0.8	0.73	0.26	"K|0|V"
1736	"Mogyorod"	433.593	2400	0.1	0.16	0.06	"M|7|V"
1310	"Kaus Media"	80.461	2499	0.1	0.11	0.02	"M|1|V"
2632	"Unukalhai"	83.703	3385	0.3	0.13	0.06	"M|2|V"
1707	"Milnerton"	247.629	2829	0.3	0.16	0.02	"M|2|V"
126	"Ancha"	83.676	4467	0.6	0.89	0.34	"K|3|V"
422	"Butte Hold"	473.261	2472	0.1	0.29	0.01	"M|7|V"
3056	"Landrum"	1265.21	2519	0.3	0.29	0.03	"M|7|V"
51	"Al Na'ir"	67.731	3096	0.1	0.17	0.05	"M|3|V"
1239	"Jászberény"	177.276	2469	0.3	0.46	0.02	"M|2|V"
2127	"Redondo"	502.369	2699	0.3	0.29	0.04	"M|5|V"
1043	"Halmyre Deans"	159.641	3572	0.2	0.64	0.03	"M|0|V"
283	"Beckars"	526.153	5357	0.9	0.97	1.34	"G|4|V"
3049	"Dorian's Tears"	1201.703	2836	0.1	0.69	0.05	"M|3|V"
2259	"Scheuerheck"	360.357	2921	0.4	NA	0.07	"M|1|V"
1343	"Ki Zoban"	465.272	3986	0.5	0.82	0.51	"K|2|V"
371	"Borka"	330.52	3166	0.4	NA	0.06	"M|2|V"
1756	"Morgan's Holdfast"	699.702	2691	0.3	0.19	0.04	"M|2|V"
1026	"Haappajarvi"	277.073	3771	0.5	0.81	0.17	"K|7|V"
2889	"Celano"	582.257	2780	0.2	0.47	0.07	"M|2|V"
2251	"Savinsville"	383.41	3751	0.6	0.78	0.14	"K|0|V"
1580	"Manaus"	392.141	4445	0.7	0.93	0.21	"K|2|V"
6	"Abbeville"	607.212	2769	0.3	0.36	0.04	"M|5|V"
1482	"Leskovik"	345.221	5444	1	0.96	0.95	"G|5|V"
1986	"Parian"	426.031	2538	0.3	0.58	0.02	"M|5|V"
745	"Drusibacken"	174.619	3221	0.4	0.57	0.03	"M|3|V"
1483	"Lesnovo"	413.148	2924	0.1	0.16	0.04	"M|3|V"
787	"Elektrougli"	216.119	3064	0.3	0.14	0.05	"M|3|V"
658	"Daniels"	232.667	2534	0.2	0.28	0.06	"M|2|V"
419	"Burton"	459.787	2750	0.3	0.27	0.02	"M|3|V"
181	"Arn"	421.04	2592	0.2	0.52	0.01	"M|3|V"
1889	"Nopah"	66.297	2679	0.4	0.48	0.05	"M|7|V"
1514	"Loongana"	314.319	2837	0.3	0.48	0.05	"M|2|V"
2217	"Salisberg"	553.449	2505	0.2	0.23	0.06	"M|2|V"
987	"Gouderak"	373.44	3257	0.4	0.31	0.02	"M|3|V"
